airline,lowcost
"Aero JBR","Aero Jet Express"
"Carga Aerea Dominicana","Carga Express Internacional"
"Cargo 360","Cargo Express"
"Carib Aviation","Carib Express"
"Caribbean Airways","Caribbean Express"
"Centrafrican Airlines","Central Air Express"
"Chicago Air","Chicago Express"
"China Eastern Airlines","China Express Airlines"
"Continental Airways","Continental Express"
"Delta Engineering Aviation","Delta Express International"
"Flying Dolphin Airlines","Dolphin Express Airlines"
"Dutch Antilles Express","Dutch Caribbean Express"
"East African Safari Air","East African Safari Air Express"
"Eastern Executive Air Charter","Eastern Express"
"Eastern Express","Eastern Metro Express"
"European Aeronautical Group UK","European Air Express"
"European Executive","European Executive Express"
"Express Line Aircompany","Express Net Airlines"
"Express Net Airlines","Express One International"
"Express One International","Express Tours"
"Express Tours",ExpressJet
"Falcon Air","Falcon Air Express"
"Federal Aviation Administration","Federal Express"
"Flight Dispatch Services","Flight Express"
"Hong Kong Airlines","Hong Kong Express Airways"
"Inter Air","Inter Express"
"Island Air Charters","Island Air Express"
"Island Aviation and Travel","Island Express"
"Ivoire Airways","Ivoire Jet Express"
"Knight Air","Knighthawk Express"
"Lignes Aeriennes Du Tchad","Lignes Mauritaniennes Air Express"
"Mali Air","Mali Air Express"
"Metro Business Aviation","Metro Express"
"Midway Airlines","Midway Express"
"Mountain Air Company","Mountain Air Express"
"National Aviation Consultants","National Express"
"National Grid","National Jet Express"
"Nationale Luchtvaartschool","Nations Air Express Inc"
"Pacific Air Charter","Pacific Air Express"
"Pelican Air Services","Pelican Express"
"Provincial Airlines","Provincial Express"
"Regional Air","Regional Air Express"
"Regional Airlines","Regional Express"
"Republic Airlines","Republic Express Airlines"
"Royal Australian Air Force","Royal Aviation Express"
"Rwanda Airways","Rwandair Express"
"Transportacion Aerea del Norte","Transpac Express"
"Western Air Couriers","Western Air Express"
"Western Aviators","Western Express Air Lines"
"Wings Aviation","Wings Express"
"Comfort Express Virtual Charters Albany","Comfort Express Virtual Charters"
"Iberia Airlines","Iberia Express"
"British Airways","Vueling Airlines"

